{"cameraMode":{"drawMode":0,"name":"Shaded","section":"Shading Mode"},"sceneLighting":true,"audioPlay":false,"sceneViewState":{"showFog":true,"showMaterialUpdate":false,"showSkybox":true,"showFlares":true,"showImageEffects":true,"showParticleSystems":true,"showVisualEffectGraphs":true,"m_FxEnabled":true},"in2DMode":false,"pivot":{"x":2.7349061965942385,"y":0.4044685959815979,"z":4.625095367431641},"rotation":{"x":0.003769938601180911,"y":-0.9949213266372681,"z":0.0921911895275116,"w":0.04061149060726166},"size":0.4188421964645386,"orthographic":false}