{"cameraMode":{"drawMode":0,"name":"Shaded","section":"Shading Mode"},"sceneLighting":true,"audioPlay":false,"sceneViewState":{"showFog":true,"showMaterialUpdate":false,"showSkybox":true,"showFlares":true,"showImageEffects":true,"showParticleSystems":true,"showVisualEffectGraphs":true,"m_FxEnabled":true},"in2DMode":false,"pivot":{"x":0.13770538568496705,"y":0.4619483947753906,"z":1.882929801940918},"rotation":{"x":0.0040024747140705589,"y":-0.9028909802436829,"z":0.4298265874385834,"w":0.008383122272789479},"size":9.800005912780762,"orthographic":false}